City_ID,City,Country,Date,Lat,Lng,Max Temp,Humidity,Cloudiness,Wind Speed
0,Rocha,UY,2021-03-29 15:31:18,-34.4833,-54.3333,74.21,65,80,11.23
1,Hobart,AU,2021-03-29 15:26:42,-42.8794,147.3294,52.0,81,75,3.8
2,Bethel,US,2021-03-29 15:31:18,41.3712,-73.414,46.4,36,20,17.27
3,New Norfolk,AU,2021-03-29 15:31:18,-42.7826,147.0587,52.0,63,95,3.0
4,Caravelas,BR,2021-03-29 15:31:18,-17.7125,-39.2481,87.3,51,0,11.14
5,Mataura,NZ,2021-03-29 15:31:19,-46.1927,168.8643,51.01,95,100,1.66
6,Qaanaaq,GL,2021-03-29 15:31:19,77.484,-69.3632,-14.21,75,67,6.69
7,Mar Del Plata,AR,2021-03-29 15:31:19,-38.0023,-57.5575,66.2,68,20,13.8
8,Punta Arenas,CL,2021-03-29 15:31:20,-53.15,-70.9167,44.6,93,90,6.91
9,Puerto Ayora,EC,2021-03-29 15:31:20,-0.7393,-90.3518,81.0,83,40,10.36
10,Tasiilaq,GL,2021-03-29 15:31:20,65.6145,-37.6368,23.0,54,16,4.61
11,Cherskiy,RU,2021-03-29 15:31:21,68.75,161.3,-13.23,99,96,5.3
12,Forbes,AU,2021-03-29 15:31:21,-33.3833,148.0167,57.0,76,76,4.38
13,Nikolskoye,RU,2021-03-29 15:31:21,59.7035,30.7861,50.0,50,0,13.42
14,Lorengau,PG,2021-03-29 15:31:22,-2.0226,147.2712,82.47,77,89,8.88
15,Upernavik,GL,2021-03-29 15:31:22,72.7868,-56.1549,-2.79,57,94,5.41
16,East London,ZA,2021-03-29 15:31:22,-33.0153,27.9116,69.8,83,75,16.11
17,Castro,BR,2021-03-29 15:31:23,-24.7911,-50.0119,78.78,55,17,7.67
18,Jalu,LY,2021-03-29 15:31:23,29.0331,21.5482,70.03,22,20,13.13
19,Kodiak,US,2021-03-29 15:31:23,57.79,-152.4072,37.4,75,90,3.44
20,Derzhavinsk,KZ,2021-03-29 15:31:23,51.1,66.3167,19.87,94,99,7.14
21,Faya,SA,2021-03-29 15:31:24,18.3851,42.4509,71.6,30,0,14.97
22,Vaini,TO,2021-03-29 15:31:24,-21.2,-175.2,77.0,100,20,6.91
23,Port Elizabeth,ZA,2021-03-29 15:29:58,-33.918,25.5701,68.0,77,0,20.71
24,Norman Wells,CA,2021-03-29 15:31:24,65.282,-126.8329,-18.4,83,20,8.05
25,Hasanabad,IR,2021-03-29 15:31:25,36.5465,61.0543,53.6,50,60,6.91
26,Ushuaia,AR,2021-03-29 15:26:32,-54.8,-68.3,50.0,62,75,8.05
27,Turukhansk,RU,2021-03-29 15:31:25,65.8167,87.9833,-8.03,97,99,9.73
28,Yellowknife,CA,2021-03-29 15:31:25,62.456,-114.3525,-5.01,65,75,14.97
29,Hithadhoo,MV,2021-03-29 15:31:26,-0.6,73.0833,84.2,75,100,23.47
30,Atuona,PF,2021-03-29 15:31:26,-9.8,-139.0333,80.11,77,21,17.27
31,Port Alfred,ZA,2021-03-29 15:31:26,-33.5906,26.891,69.93,80,81,24.45
32,Narsaq,GL,2021-03-29 15:31:27,60.9167,-46.05,24.8,46,20,4.61
33,Khatanga,RU,2021-03-29 15:31:27,71.9667,102.5,-20.56,97,43,11.23
34,Butaritari,KI,2021-03-29 15:31:27,3.0707,172.7902,80.73,80,94,14.05
35,Bredasdorp,ZA,2021-03-29 15:31:28,-34.5322,20.0403,71.6,60,25,14.97
36,Vostok,RU,2021-03-29 15:31:28,46.4856,135.8833,31.26,98,100,4.43
37,Licheng,CN,2021-03-29 15:31:28,23.2955,113.8284,82.0,74,75,6.71
38,Luderitz,NA,2021-03-29 15:31:29,-26.6481,15.1594,68.0,70,0,11.59
39,Ribeira Grande,PT,2021-03-29 15:31:29,38.5167,-28.7,60.8,88,75,24.16
40,Beringovskiy,RU,2021-03-29 15:31:29,63.05,179.3167,13.68,93,100,12.26
41,Tuktoyaktuk,CA,2021-03-29 15:31:29,69.4541,-133.0374,-23.8,76,20,9.22
42,Clyde River,CA,2021-03-29 15:31:30,70.4692,-68.5914,-4.0,84,75,4.03
43,Gerede,TR,2021-03-29 15:31:30,40.8008,32.1969,29.93,99,100,5.01
44,Jamestown,US,2021-03-29 15:28:52,42.097,-79.2353,33.01,74,90,14.61
45,Mareeba,AU,2021-03-29 15:31:30,-17.0,145.4333,78.8,69,40,12.66
46,Zyryanovsk,KZ,2021-03-29 15:31:32,49.7386,84.2719,13.19,90,57,3.58
47,Koshurnikovo,RU,2021-03-29 15:31:32,54.1667,93.3,29.61,98,100,3.13
48,College,US,2021-03-29 15:31:32,64.8569,-147.8028,19.99,86,90,3.49
49,Kamaishi,JP,2021-03-29 15:31:33,39.2667,141.8833,47.61,78,99,4.83
50,Busselton,AU,2021-03-29 15:31:33,-33.65,115.3333,64.0,92,2,5.35
51,Edmonton,CA,2021-03-29 15:27:15,53.5501,-113.4687,16.0,62,100,20.71
52,Carutapera,BR,2021-03-29 15:31:33,-1.195,-46.02,80.82,88,70,7.96
53,Polewali,ID,2021-03-29 15:31:34,-3.4324,119.3435,78.03,87,100,3.22
54,Mattru,SL,2021-03-29 15:31:34,7.6244,-11.8332,89.64,53,96,7.16
55,Longyearbyen,SJ,2021-03-29 15:31:34,78.2186,15.6401,28.4,74,40,21.85
56,Araouane,ML,2021-03-29 15:31:35,18.9048,-3.5265,94.93,4,2,9.78
57,Pacific Grove,US,2021-03-29 15:27:54,36.6177,-121.9166,48.2,93,90,4.61
58,Albany,US,2021-03-29 15:31:35,42.6001,-73.9662,37.99,59,81,8.99
59,Tura,IN,2021-03-29 15:31:35,25.5198,90.2201,73.31,46,81,5.08
60,Kaitangata,NZ,2021-03-29 15:31:36,-46.2817,169.8464,54.66,96,100,1.97
61,Rikitea,PF,2021-03-29 15:31:36,-23.1203,-134.9692,78.44,68,19,16.67
62,Pangnirtung,CA,2021-03-29 15:31:36,66.1451,-65.7125,12.2,52,90,4.61
63,Bathsheba,BB,2021-03-29 15:31:36,13.2167,-59.5167,82.4,61,40,24.16
64,Iqaluit,CA,2021-03-29 15:31:37,63.7506,-68.5145,8.6,78,90,12.66
65,Seoul,KR,2021-03-29 15:26:40,37.5683,126.9778,42.8,81,67,4.61
66,Vizinga,RU,2021-03-29 15:31:37,61.0749,50.1031,33.21,94,99,6.13
67,Talnakh,RU,2021-03-29 15:31:39,69.4865,88.3972,-16.51,98,39,6.46
68,La Ronge,CA,2021-03-29 15:31:39,55.1001,-105.2842,26.6,93,100,14.97
69,Hrodna,BY,2021-03-29 15:31:39,53.6884,23.8258,48.2,76,90,8.95
70,Kuminskiy,RU,2021-03-29 15:31:39,58.6667,66.5667,12.87,94,22,4.14
71,Cairns,AU,2021-03-29 15:31:40,-16.9167,145.7667,78.8,69,29,12.66
72,Kavieng,PG,2021-03-29 15:31:40,-2.5744,150.7967,82.33,77,100,10.74
73,Panaba,MX,2021-03-29 15:31:40,21.2833,-88.2667,89.19,43,24,8.79
74,Banda Aceh,ID,2021-03-29 15:28:15,5.5577,95.3222,78.46,88,97,11.88
75,Chokurdakh,RU,2021-03-29 15:31:41,70.6333,147.9167,-3.96,99,99,4.54
76,Weston,US,2021-03-29 15:31:41,26.1004,-80.3998,86.0,62,88,6.6
77,Dalvik,IS,2021-03-29 15:31:41,65.9702,-18.5286,28.4,86,90,25.32
78,Hilo,US,2021-03-29 15:31:42,19.7297,-155.09,68.0,88,90,1.79
79,Carnarvon,AU,2021-03-29 15:31:42,-24.8667,113.6333,80.6,83,90,4.61
80,Lebu,CL,2021-03-29 15:31:42,-37.6167,-73.65,63.55,66,1,6.8
81,Sorong,ID,2021-03-29 15:31:43,-0.8833,131.25,80.08,80,100,4.0
82,Cape Town,ZA,2021-03-29 15:31:43,-33.9258,18.4232,82.4,32,0,4.61
83,Shimoda,JP,2021-03-29 15:31:44,34.6667,138.95,64.0,69,54,10.83
84,Hermanus,ZA,2021-03-29 15:31:44,-34.4187,19.2345,81.0,50,33,1.99
85,Gorom-Gorom,BF,2021-03-29 15:31:44,14.4439,-0.2361,97.54,6,0,9.89
86,Sitka,US,2021-03-29 15:31:44,57.0531,-135.33,35.6,75,90,6.91
87,Severodvinsk,RU,2021-03-29 15:31:45,64.5635,39.8302,46.4,53,0,8.95
88,Karaton,ID,2021-03-29 15:31:45,-6.3424,106.1045,84.0,83,40,3.44
89,Hasaki,JP,2021-03-29 15:31:45,35.7333,140.8333,60.8,94,66,3.44
90,Arraial Do Cabo,BR,2021-03-29 15:31:46,-22.9661,-42.0278,93.2,58,0,5.75
91,Shahgarh,IN,2021-03-29 15:31:46,24.3167,79.1333,88.66,10,0,4.61
92,Saint Anthony,US,2021-03-29 15:31:46,45.0205,-93.218,52.0,53,1,20.71
93,San Quintin,MX,2021-03-29 15:31:47,30.4833,-115.95,63.88,61,100,6.71
94,Kapaa,US,2021-03-29 15:28:22,22.0752,-159.319,73.4,78,90,14.97
95,Tumbes,PE,2021-03-29 15:31:47,-3.5667,-80.4414,84.2,58,0,3.44
96,Fairbanks,US,2021-03-29 15:31:47,64.8378,-147.7164,19.99,93,90,4.61
97,Kavaratti,IN,2021-03-29 15:31:48,10.5669,72.642,85.15,69,100,11.45
98,Broken Hill,AU,2021-03-29 15:31:48,-31.95,141.4333,62.6,48,0,9.22
99,Grand Gaube,MU,2021-03-29 15:31:48,-20.0064,57.6608,80.01,79,77,6.67
100,Pevek,RU,2021-03-29 15:31:49,69.7008,170.3133,-18.69,100,100,3.53
101,Yishui,CN,2021-03-29 15:31:49,35.7847,118.6281,52.86,30,87,1.9
102,Samarai,PG,2021-03-29 15:31:49,-10.6167,150.6667,81.63,80,90,10.31
103,Victoria,HK,2021-03-29 15:28:38,22.2855,114.1577,79.0,87,79,10.51
104,Saskylakh,RU,2021-03-29 15:31:50,71.9167,114.0833,-10.66,98,100,7.0
105,Sri Aman,MY,2021-03-29 15:31:50,1.2376,111.4621,77.0,94,100,0.67
106,Ballina,AU,2021-03-29 15:31:50,-28.8667,153.5667,68.0,94,90,6.91
107,Codrington,AU,2021-03-29 15:31:50,-38.2667,141.9667,52.07,80,33,4.07
108,Lompoc,US,2021-03-29 15:31:51,34.6391,-120.4579,55.0,100,0,7.54
109,Souillac,MU,2021-03-29 15:31:51,-20.5167,57.5167,78.8,94,40,3.44
110,Xaltianguis,MX,2021-03-29 15:31:51,17.0667,-99.8333,84.2,51,90,4.38
111,Martapura,ID,2021-03-29 15:31:52,-3.4167,114.85,80.6,94,75,5.75
112,Road Town,VG,2021-03-29 15:31:52,18.4167,-64.6167,82.0,74,40,14.97
113,Sal Rei,CV,2021-03-29 15:31:52,16.1833,-22.9167,75.2,57,75,23.02
114,Puerto Carreno,CO,2021-03-29 15:31:53,6.189,-67.4859,93.04,42,65,5.1
115,Fortuna,US,2021-03-29 15:31:53,40.5982,-124.1573,46.0,87,20,13.8
116,Sheridan,US,2021-03-29 15:31:53,44.8333,-106.9173,34.0,86,90,28.77
117,Chapada Dos Guimaraes,BR,2021-03-29 15:31:53,-15.4606,-55.7497,86.0,66,75,6.91
118,Saint-Philippe,RE,2021-03-29 15:31:54,-21.3585,55.7679,80.6,74,20,3.44
119,Severo-Kurilsk,RU,2021-03-29 15:31:54,50.6789,156.125,35.6,94,100,15.1
120,Chase,CA,2021-03-29 15:31:54,50.8165,-119.6857,33.8,32,12,17.27
121,Brookhaven,US,2021-03-29 15:31:55,31.5791,-90.4407,60.01,55,0,6.93
122,Nhulunbuy,AU,2021-03-29 15:31:55,-12.2333,136.7667,75.2,94,40,2.3
123,Obo,CF,2021-03-29 15:31:55,5.3998,26.4869,86.34,25,4,4.34
124,San Luis,AR,2021-03-29 15:31:56,-33.295,-66.3356,73.27,23,0,4.94
125,Nichinan,JP,2021-03-29 15:31:56,31.6,131.3667,58.32,80,0,3.24
126,Tanout,NE,2021-03-29 15:31:56,14.9709,8.8879,89.15,5,0,17.52
127,Comodoro Rivadavia,AR,2021-03-29 15:30:02,-45.8667,-67.5,68.0,52,0,9.22
128,Dogondoutchi,NE,2021-03-29 15:31:57,13.6393,4.0287,98.56,7,8,11.14
129,Tiksi,RU,2021-03-29 15:31:57,71.6872,128.8694,4.35,99,100,2.21
130,Ziro,IN,2021-03-29 15:31:57,27.6333,93.8333,78.8,69,75,4.61
131,Petropavlovsk-Kamchatskiy,RU,2021-03-29 15:30:17,53.0452,158.6483,24.8,54,75,8.95
132,Leningradskiy,RU,2021-03-29 15:31:58,69.3833,178.4167,-1.05,96,100,13.87
133,Toguchin,RU,2021-03-29 15:31:58,55.2353,84.3858,20.01,90,29,10.27
134,Ponta Do Sol,PT,2021-03-29 15:31:58,32.6667,-17.1,71.01,68,20,11.5
135,Benguela,AO,2021-03-29 15:31:58,-12.5763,13.4055,81.57,69,80,8.05
136,Zhezkazgan,KZ,2021-03-29 15:31:59,47.8043,67.7144,25.77,78,100,3.29
137,Smirnykh,RU,2021-03-29 15:31:59,49.75,142.8333,30.18,99,100,1.48
138,Bluff,NZ,2021-03-29 15:31:59,-46.6,168.3333,51.01,95,100,4.92
139,Avarua,CK,2021-03-29 15:32:00,-21.2078,-159.775,78.8,83,90,9.22
140,Hervey Bay,AU,2021-03-29 15:32:00,-25.2986,152.8535,72.0,82,19,9.08
141,Eyl,SO,2021-03-29 15:32:00,7.9803,49.8164,79.52,73,95,10.51
142,Hambantota,LK,2021-03-29 15:32:01,6.1241,81.1185,75.2,100,90,5.75
143,Ixtapa,MX,2021-03-29 15:32:01,20.7,-105.2,68.0,73,75,4.61
144,Sorsk,RU,2021-03-29 15:32:01,54.0033,90.2467,28.45,72,93,7.78
145,Aguimes,ES,2021-03-29 15:32:02,27.9054,-15.4461,70.0,60,75,6.91
146,Mount Gambier,AU,2021-03-29 15:32:02,-37.8333,140.7667,51.8,100,40,4.61
147,Bandarbeyla,SO,2021-03-29 15:32:02,9.4942,50.8122,79.68,71,99,7.09
148,Fostoria,US,2021-03-29 15:32:02,41.157,-83.4169,41.0,66,5,4.0
149,Roma,US,2021-03-29 15:30:04,43.2128,-75.4557,34.0,75,90,16.11
150,Chuy,UY,2021-03-29 15:32:03,-33.6971,-53.4616,74.66,61,71,9.55
151,Bogalusa,US,2021-03-29 15:32:03,30.791,-89.8487,62.01,41,1,6.91
152,Zambezi,ZM,2021-03-29 15:32:04,-13.5432,23.1047,70.3,84,80,6.82
153,Olafsvik,IS,2021-03-29 15:32:04,64.8945,-23.7142,31.01,62,99,20.92
154,Palmer,US,2021-03-29 15:32:04,42.1584,-72.3287,44.01,45,75,24.16
155,Port Macquarie,AU,2021-03-29 15:32:05,-31.4333,152.9167,63.0,99,22,1.99
156,Pisco,PE,2021-03-29 15:32:05,-13.7,-76.2167,73.99,73,0,5.75
157,Ilulissat,GL,2021-03-29 15:32:05,69.2167,-51.1,8.6,40,40,12.66
158,Barrow,US,2021-03-29 15:32:06,71.2906,-156.7887,-9.4,70,1,23.02
159,Santo Amaro Da Imperatriz,BR,2021-03-29 15:32:06,-27.6881,-48.7786,82.0,88,75,6.91
160,Lac Du Bonnet,CA,2021-03-29 15:32:06,50.2536,-96.0612,44.01,99,100,11.01
161,Jumla,NP,2021-03-29 15:32:07,29.2747,82.1838,49.73,75,100,3.69
162,Provideniya,RU,2021-03-29 15:32:07,64.3833,-173.3,14.41,88,99,8.01
163,Pila,PL,2021-03-29 15:32:07,53.1515,16.7378,50.0,90,100,8.99
164,Marsh Harbour,BS,2021-03-29 15:32:08,26.5412,-77.0636,77.63,67,64,9.6
165,Lotofaga,WS,2021-03-29 15:32:08,-13.9764,-171.8578,73.4,100,75,3.44
166,Alice Springs,AU,2021-03-29 15:28:47,-23.7,133.8833,62.6,63,0,5.75
167,Moshenskoye,RU,2021-03-29 15:32:08,58.5102,34.5911,37.04,93,100,10.18
168,Zhob,PK,2021-03-29 15:32:09,31.3411,69.4481,66.81,14,0,26.4
169,Notodden,NO,2021-03-29 15:32:09,59.5594,9.2585,64.4,42,40,14.97
170,Agirish,RU,2021-03-29 15:32:09,61.9247,63.0231,12.36,93,18,4.14
171,San Patricio,US,2021-03-29 15:32:09,28.017,-97.5169,66.2,59,1,6.91
172,Snezhnogorsk,RU,2021-03-29 15:32:10,69.1933,33.2531,39.2,70,75,4.47
173,Joshimath,IN,2021-03-29 15:32:10,30.5667,79.5667,54.05,74,82,3.53
174,Inongo,CD,2021-03-29 15:32:10,-1.95,18.2667,81.46,69,47,5.53
175,Port Blair,IN,2021-03-29 15:32:11,11.6667,92.75,81.0,74,100,1.28
176,Santiago,CL,2021-03-29 15:27:36,-33.4569,-70.6483,71.01,55,0,3.96
177,Komsomolskiy,UZ,2021-03-29 15:32:11,40.4272,71.7189,46.4,57,40,13.8
178,Vao,NC,2021-03-29 15:32:11,-22.6667,167.4833,78.4,75,53,10.92
179,Novyy Urgal,RU,2021-03-29 15:32:12,51.0736,132.5642,32.59,99,100,2.3
180,Ust-Barguzin,RU,2021-03-29 15:32:12,53.45,108.9833,20.91,94,100,3.53
181,Kamenka,RU,2021-03-29 15:32:12,51.3223,42.7678,33.01,94,100,10.42
182,Sompeta,IN,2021-03-29 15:32:12,18.9333,84.6,80.89,70,12,13.27
183,Bayan,CN,2021-03-29 15:32:13,46.0833,127.4,41.0,99,100,12.66
184,Kapuskasing,CA,2021-03-29 15:32:13,49.4169,-82.4331,24.8,54,82,4.61
185,San Vicente,AR,2021-03-29 15:32:13,-26.6167,-54.1333,62.38,91,99,1.39
186,Binahaan,PH,2021-03-29 15:32:13,13.9906,121.7581,79.0,88,100,1.01
187,Coahuayana,MX,2021-03-29 15:32:14,18.7333,-103.6833,75.2,46,75,3.51
188,Pavilosta,LV,2021-03-29 15:32:14,56.8879,21.1859,42.8,93,90,14.97
189,Manaure,CO,2021-03-29 15:32:14,11.7751,-72.4445,86.85,55,90,23.76
190,Evensk,RU,2021-03-29 15:32:15,61.95,159.2333,-5.66,79,10,6.29
191,Ippy,CF,2021-03-29 15:32:15,6.2679,21.2247,92.48,17,2,3.74
192,Yinchuan,CN,2021-03-29 15:32:15,38.4681,106.2731,55.45,25,19,7.83
193,Rheine,DE,2021-03-29 15:32:15,52.2833,7.45,68.0,34,0,17.27
194,Tiarei,PF,2021-03-29 15:32:16,-17.5333,-149.3333,77.0,73,20,4.61
195,Touros,BR,2021-03-29 15:32:16,-5.1989,-35.4608,87.8,62,75,10.36
196,Manokwari,ID,2021-03-29 15:32:16,-0.8667,134.0833,78.03,84,100,5.5
197,Tyrma,RU,2021-03-29 15:32:16,50.0833,132.1667,29.62,98,100,1.57
198,Makaha,US,2021-03-29 15:32:17,21.4694,-158.2175,73.4,82,20,3.44
199,Bukama,CD,2021-03-29 15:32:17,-9.2,25.85,73.51,85,57,1.5
200,Bundaberg,AU,2021-03-29 15:32:17,-24.85,152.35,72.0,88,40,6.91
201,Tazovskiy,RU,2021-03-29 15:32:18,67.4667,78.7,-6.39,93,100,5.77
202,Lyuban,BY,2021-03-29 15:32:18,52.7985,28.0048,46.13,59,14,3.04
203,Sandwick,GB,2021-03-29 15:32:18,60.0,-1.25,48.2,81,20,19.57
204,Copiapo,CL,2021-03-29 15:28:08,-27.3667,-70.3333,60.8,67,90,2.3
205,Polunochnoye,RU,2021-03-29 15:32:19,60.8697,60.4153,19.04,96,72,3.11
206,Tessalit,ML,2021-03-29 15:32:19,20.1986,1.0114,90.32,4,4,9.13
207,Hami,CN,2021-03-29 15:32:19,42.8,93.45,57.96,28,100,18.25
208,Jeremie,HT,2021-03-29 15:32:20,18.65,-74.1167,82.0,64,4,4.59
209,Nuuk,GL,2021-03-29 15:32:20,64.1835,-51.7216,23.0,42,75,3.44
210,Lanzhou,CN,2021-03-29 15:32:20,36.0564,103.7922,60.01,31,36,1.81
211,Cabedelo,BR,2021-03-29 15:32:21,-6.9811,-34.8339,84.2,79,75,8.05
212,Nome,US,2021-03-29 15:29:49,64.5011,-165.4064,30.99,100,90,9.22
213,Barentu,ER,2021-03-29 15:32:21,15.1139,37.5928,81.43,38,56,13.0
214,Bose,IT,2021-03-29 15:32:21,45.4612,8.0137,73.0,33,0,2.3
215,Srednekolymsk,RU,2021-03-29 15:32:22,67.45,153.6833,-12.82,99,84,5.95
216,Bambous Virieux,MU,2021-03-29 15:32:22,-20.3428,57.7575,80.01,94,40,3.44
217,Flinders,AU,2021-03-29 15:32:22,-34.5833,150.8552,63.0,76,98,1.01
218,Saint-Augustin,CA,2021-03-29 15:32:22,51.226,-58.6502,31.71,98,100,19.48
219,Cayenne,GF,2021-03-29 15:32:23,4.9333,-52.3333,87.8,66,75,19.57
220,Hun,LY,2021-03-29 15:32:23,29.1268,15.9477,74.53,14,90,10.31
221,Te Anau,NZ,2021-03-29 15:32:23,-45.4167,167.7167,50.27,93,100,1.03
222,Thunder Bay,CA,2021-03-29 15:31:48,48.4001,-89.3168,35.6,69,90,17.27
223,San Carlos De Bariloche,AR,2021-03-29 15:32:25,-41.1456,-71.3082,69.8,17,0,5.75
224,Canutama,BR,2021-03-29 15:32:25,-6.5339,-64.3831,78.89,91,91,2.73
225,Altamira,BR,2021-03-29 15:32:25,-3.2033,-52.2064,84.2,79,40,6.91
226,Ramanuj Ganj,IN,2021-03-29 15:32:26,23.8,83.7,78.35,15,1,4.79
227,Lakselv,NO,2021-03-29 15:32:26,70.0513,24.9718,39.2,70,75,21.85
228,Los Llanos De Aridane,ES,2021-03-29 15:32:26,28.6585,-17.9182,69.8,68,20,11.5
229,Naryan-Mar,RU,2021-03-29 15:30:15,67.6713,53.087,33.94,98,100,11.72
230,Kaohsiung,TW,2021-03-29 15:32:27,22.6163,120.3133,78.8,78,75,5.75
231,Shima,CN,2021-03-29 15:28:02,24.4478,117.8111,69.8,88,75,2.24
232,Zhovkva,UA,2021-03-29 15:32:27,50.0583,23.9726,50.0,50,0,6.71
233,Kawalu,ID,2021-03-29 15:32:27,-7.3817,108.2082,74.28,95,87,0.96
234,Belaya Gora,RU,2021-03-29 15:32:28,68.5333,146.4167,-11.65,100,87,4.25
235,Itarema,BR,2021-03-29 15:32:29,-2.9248,-39.9167,85.24,66,41,7.85
236,Skibotn,NO,2021-03-29 15:32:29,69.3913,20.2679,41.0,60,20,11.5
237,Necochea,AR,2021-03-29 15:32:30,-38.5473,-58.7368,67.62,48,10,9.1
238,Nha Trang,VN,2021-03-29 15:32:30,12.25,109.1833,78.8,83,0,4.61
239,Yelniki,RU,2021-03-29 15:32:30,54.6207,43.876,25.83,95,13,4.21
240,Oxapampa,PE,2021-03-29 15:32:31,-10.5775,-75.4017,58.87,98,100,1.97
241,Port Lincoln,AU,2021-03-29 15:32:31,-34.7333,135.8667,63.9,80,0,10.38
242,Nanortalik,GL,2021-03-29 15:32:31,60.1432,-45.2371,25.77,54,11,11.43
243,Laguna,US,2021-03-29 15:32:32,38.421,-121.4238,53.01,81,1,4.61
244,Sosua,DO,2021-03-29 15:32:32,19.7667,-70.5167,82.4,74,75,13.8
245,Mana,GF,2021-03-29 15:32:32,5.6592,-53.7767,80.96,78,90,13.49
246,Abha,SA,2021-03-29 15:32:33,18.2164,42.5053,71.6,30,0,14.97
247,Winnemucca,US,2021-03-29 15:32:33,40.973,-117.7357,37.4,44,90,14.97
248,Litovko,RU,2021-03-29 15:32:34,49.2361,135.1742,32.68,99,100,4.34
249,Nemuro,JP,2021-03-29 15:32:35,43.3236,145.575,40.17,92,96,22.77
250,Ocos,GT,2021-03-29 15:32:35,14.5094,-92.1933,86.0,70,20,4.61
251,Podporozhye,RU,2021-03-29 15:32:36,60.9112,34.1706,37.62,89,100,11.92
252,San Cristobal,VE,2021-03-29 15:32:36,7.7669,-72.225,80.6,65,40,4.61
253,Senno,RU,2021-03-29 15:32:37,59.5336,33.9167,36.37,97,100,9.84
254,Gustrow,DE,2021-03-29 15:32:37,53.7972,12.1734,59.0,67,20,16.11
255,Corrente,BR,2021-03-29 15:32:37,-3.7367,-43.3394,86.76,61,74,4.54
256,Aklavik,CA,2021-03-29 15:32:38,68.2191,-135.0107,-16.6,76,20,5.75
257,Krasnoselkup,RU,2021-03-29 15:32:38,65.7,82.4667,-12.08,96,28,9.86
258,Manaus,BR,2021-03-29 15:32:38,-3.1019,-60.025,84.2,78,75,3.44
259,Dikson,RU,2021-03-29 15:32:39,73.5069,80.5464,-25.83,99,6,7.74
260,Poronaysk,RU,2021-03-29 15:32:39,49.2167,143.1167,30.85,98,100,2.91
261,Milford,US,2021-03-29 15:32:39,41.2223,-73.0565,50.0,37,40,18.41
262,Coquimbo,CL,2021-03-29 15:31:50,-29.9533,-71.3436,62.6,67,90,4.61
263,Alugan,PH,2021-03-29 15:32:40,12.2188,125.4808,79.25,84,100,7.78
264,Olinda,BR,2021-03-29 15:28:14,-8.0089,-34.8553,82.4,69,40,9.22
265,Pringsewu,ID,2021-03-29 15:32:40,-5.3582,104.9744,74.21,97,94,2.66
266,Guaraniacu,BR,2021-03-29 15:32:40,-25.1008,-52.8781,70.9,84,94,4.59
267,Georgetown,MY,2021-03-29 15:32:41,5.4112,100.3354,84.2,74,20,1.14
268,Villanueva De La Serena,ES,2021-03-29 15:32:41,38.9766,-5.7974,75.99,36,17,7.0
269,Sakakah,SA,2021-03-29 15:32:41,29.9697,40.2064,71.6,11,0,9.22
270,Kitob,UZ,2021-03-29 15:32:41,39.0843,66.8332,42.8,75,90,9.22
271,Klaksvik,FO,2021-03-29 15:32:42,62.2266,-6.589,41.0,87,75,26.46
272,Dicabisagan,PH,2021-03-29 15:32:42,17.0818,122.4157,76.91,88,14,4.59
273,Ancud,CL,2021-03-29 15:32:42,-41.8697,-73.8203,72.0,63,0,13.8
274,Japura,ID,2021-03-29 15:32:43,-0.3167,102.35,74.98,96,26,0.6
275,Pokaran,IN,2021-03-29 15:32:43,26.9167,71.9167,91.81,14,34,13.02
276,Kidal,ML,2021-03-29 15:32:44,18.4411,1.4078,90.64,5,2,11.01
277,Pombia,IT,2021-03-29 15:32:44,45.653,8.6336,72.0,33,0,5.75
278,Porto Novo,BJ,2021-03-29 15:32:44,6.4965,2.6036,87.8,70,20,12.66
279,Naze,JP,2021-03-29 15:32:46,28.3667,129.4833,64.83,87,64,6.11
280,Mao,ES,2021-03-29 15:32:46,39.8885,4.2658,62.6,72,0,16.11
281,Airai,TL,2021-03-29 15:32:46,-8.9266,125.4092,59.77,97,100,5.46
282,Altinopolis,BR,2021-03-29 15:32:47,-21.0256,-47.3739,89.6,45,20,4.61
283,Socorro,US,2021-03-29 15:32:42,31.6546,-106.3033,62.01,26,20,9.44
284,Pappinisseri,IN,2021-03-29 15:32:47,11.95,75.35,81.48,80,43,4.63
285,Sao Filipe,CV,2021-03-29 15:32:47,14.8961,-24.4956,69.93,73,0,9.86
286,Inirida,CO,2021-03-29 15:32:48,3.8653,-67.9239,88.12,61,86,1.66
287,Batemans Bay,AU,2021-03-29 15:30:04,-35.7167,150.1833,57.0,72,21,1.99
288,Mokolo,CM,2021-03-29 15:32:48,10.7398,13.8019,95.0,10,9,10.36
289,Siderno,IT,2021-03-29 15:32:48,38.2779,16.302,66.2,42,68,14.97
290,Kutum,SD,2021-03-29 15:32:49,14.2,24.6667,77.81,9,0,12.66
291,Beidao,CN,2021-03-29 15:32:49,34.5686,105.8933,58.21,54,27,4.05
292,Srimushnam,IN,2021-03-29 15:32:49,11.4,79.4167,80.64,69,86,8.75
293,Faanui,PF,2021-03-29 15:32:50,-16.4833,-151.75,82.4,72,100,15.08
294,Mitsamiouli,KM,2021-03-29 15:32:50,-11.3847,43.2844,89.6,62,20,17.27
295,Manado,ID,2021-03-29 15:32:50,1.487,124.8455,75.2,94,20,1.14
296,Bosaso,SO,2021-03-29 15:32:51,11.2842,49.1816,82.4,83,0,6.91
297,Kruisfontein,ZA,2021-03-29 15:32:51,-34.0033,24.7314,73.0,70,1,7.0
298,Krasnokamensk,RU,2021-03-29 15:32:51,50.0979,118.0369,28.6,61,24,2.08
299,Caranavi,BO,2021-03-29 15:32:51,-15.8167,-67.55,71.01,84,74,3.49
300,Lake Havasu City,US,2021-03-29 15:32:52,34.4839,-114.3224,69.01,17,1,4.34
301,Sao Geraldo Do Araguaia,BR,2021-03-29 15:32:52,-6.4006,-48.555,83.23,77,63,2.28
302,Namibe,AO,2021-03-29 15:32:52,-15.1961,12.1522,80.6,74,20,17.27
303,Farah,AF,2021-03-29 15:32:53,32.5,62.5,58.03,21,0,7.78
304,Svencionys,LT,2021-03-29 15:32:53,55.15,26.1667,44.71,70,97,7.65
305,Kununurra,AU,2021-03-29 15:32:53,-15.7667,128.7333,77.0,73,100,5.75
306,Arandis,NA,2021-03-29 15:32:53,-22.4167,14.9667,66.99,79,3,8.99
307,Chara,RU,2021-03-29 15:32:54,56.9064,118.2631,4.53,79,42,2.04
308,Noumea,NC,2021-03-29 15:30:05,-22.2763,166.4572,80.01,94,0,2.3
309,Nanakuli,US,2021-03-29 15:32:54,21.3906,-158.1547,73.4,78,1,4.61
310,Ondjiva,AO,2021-03-29 15:32:55,-17.0667,15.7333,86.0,45,20,2.3
311,Jaisalmer,IN,2021-03-29 15:32:55,26.9147,70.9181,94.5,14,76,12.97
312,Cabo San Lucas,MX,2021-03-29 15:32:55,22.8909,-109.9124,78.01,34,40,5.5
313,Chumikan,RU,2021-03-29 15:32:56,54.7183,135.315,26.2,95,100,15.73
314,Tautira,PF,2021-03-29 15:32:56,-17.7333,-149.15,77.0,78,20,4.61
315,Ucluelet,CA,2021-03-29 15:32:37,48.9329,-125.5528,39.99,70,1,9.22
316,Mandalgovi,MN,2021-03-29 15:32:56,45.7625,106.2708,44.22,54,100,14.23
317,Port Hedland,AU,2021-03-29 15:32:57,-20.3167,118.5667,82.4,65,87,6.91
318,Salta,AR,2021-03-29 15:32:57,-24.7859,-65.4117,66.2,68,40,4.61
319,Yerbogachen,RU,2021-03-29 15:32:58,61.2767,108.0108,18.37,97,100,2.59
320,Wladyslawowo,PL,2021-03-29 15:32:58,54.7909,18.4009,48.99,87,75,12.66
321,Shenzhen,CN,2021-03-29 15:32:00,22.5455,114.0683,78.01,99,54,8.72
322,Alta Floresta,BR,2021-03-29 15:32:59,-9.8756,-56.0861,87.8,58,0,4.61
323,Cidreira,BR,2021-03-29 15:32:59,-30.1811,-50.2056,76.19,54,57,10.71
324,Kaeo,NZ,2021-03-29 15:33:00,-35.1,173.7833,69.01,96,100,7.0
325,Kurayoshi,JP,2021-03-29 15:33:00,35.4333,133.8167,51.8,87,75,1.14
326,Sulangan,PH,2021-03-29 15:33:01,11.1373,123.7228,82.58,77,82,14.0
327,Celestun,MX,2021-03-29 15:33:02,20.8667,-90.4,84.67,57,4,4.29
328,Zhigansk,RU,2021-03-29 15:33:02,66.7697,123.3711,11.75,97,100,4.97
329,Saint-Francois,FR,2021-03-29 15:33:03,46.4154,3.9054,73.99,33,0,6.91
330,Saint-Joseph,RE,2021-03-29 15:33:03,-21.3667,55.6167,80.6,74,20,3.44
331,Conde,BR,2021-03-29 15:33:04,-7.2597,-34.9075,84.2,79,75,8.05
332,Fort Nelson,CA,2021-03-29 15:30:02,58.8053,-122.7002,1.4,71,75,1.05
333,Hobyo,SO,2021-03-29 15:33:05,5.3505,48.5268,81.39,72,81,10.89
334,Lensk,RU,2021-03-29 15:33:05,60.7253,114.9278,9.75,96,73,2.82
335,Sexsmith,CA,2021-03-29 15:33:05,55.35,-118.786,10.4,72,90,27.63
336,Santa Isabel,BR,2021-03-29 15:33:05,-23.3156,-46.2214,86.0,51,75,3.44
337,Sept-Iles,CA,2021-03-29 15:32:39,50.2001,-66.3821,35.01,80,90,8.05
338,Bantou,CN,2021-03-29 15:33:06,26.2151,117.4893,72.82,85,12,1.43
339,Manggar,ID,2021-03-29 15:33:06,-2.8833,108.2667,80.8,78,54,4.41
340,Asau,RO,2021-03-29 15:33:06,46.4333,26.4,51.8,37,20,16.11
341,Sao Joao Da Barra,BR,2021-03-29 15:33:06,-21.6403,-41.0511,89.6,48,0,7.99
342,Sao Domingos,BR,2021-03-29 15:33:07,-13.3983,-46.3183,90.16,27,95,4.38
343,Zhangye,CN,2021-03-29 15:33:07,38.9342,100.4517,54.64,22,80,16.02
344,Barra Do Garcas,BR,2021-03-29 15:33:07,-15.89,-52.2567,93.2,38,0,2.3
345,Saldanha,ZA,2021-03-29 15:33:07,-33.0117,17.9442,78.8,44,2,6.91
346,Oranjemund,NA,2021-03-29 15:33:08,-28.55,16.4333,66.78,72,0,11.45
347,Ugoofaaru,MV,2021-03-29 15:33:08,5.6667,73.0,80.1,79,100,22.26
348,Korla,CN,2021-03-29 15:33:08,41.7597,86.1469,55.27,58,100,16.87
349,Sao Joao Do Piaui,BR,2021-03-29 15:33:09,-8.3581,-42.2467,91.9,40,56,5.17
350,Curvelo,BR,2021-03-29 15:33:09,-18.7564,-44.4308,90.91,37,5,3.24
351,Sistranda,NO,2021-03-29 15:33:09,63.7256,8.834,46.4,66,40,41.43
352,Nogliki,RU,2021-03-29 15:33:09,51.8333,143.1667,30.78,99,100,3.87
353,North Bend,US,2021-03-29 15:33:10,43.4065,-124.2243,39.2,93,40,4.61
354,Kurud,IN,2021-03-29 15:33:10,20.8322,81.7214,89.6,35,2,6.91
355,Butterworth,MY,2021-03-29 15:33:10,5.3991,100.3638,84.2,74,20,1.14
356,Omboue,GA,2021-03-29 15:33:10,-1.5746,9.2618,79.05,81,100,4.54
357,Bilma,NE,2021-03-29 15:33:11,18.6853,12.9164,84.76,7,0,3.91
358,Vilyuysk,RU,2021-03-29 15:33:11,63.7553,121.6247,8.46,96,93,3.15
359,Wasilla,US,2021-03-29 15:30:23,61.5814,-149.4394,30.0,93,90,4.61
360,San Sebastian,ES,2021-03-29 15:32:38,43.3128,-1.975,78.8,27,0,9.22
361,Belmonte,BR,2021-03-29 15:33:12,-15.8631,-38.8828,84.2,58,40,17.27
362,Pinega,RU,2021-03-29 15:33:12,64.7001,43.3936,35.82,96,100,10.76
363,Watertown,US,2021-03-29 15:28:17,42.3709,-71.1828,50.0,37,20,27.63
364,Vardo,NO,2021-03-29 15:33:12,70.3705,31.1107,39.2,81,75,12.66
365,Adrar,MR,2021-03-29 15:33:13,20.5022,-10.0711,98.17,5,5,7.14
366,Gazanjyk,TM,2021-03-29 15:33:13,39.2446,55.5154,54.3,42,6,5.55
367,Moron,AR,2021-03-29 15:33:13,-34.6534,-58.6198,70.0,56,43,4.0
368,Lima,PE,2021-03-29 15:29:24,-12.0432,-77.0282,73.99,73,0,4.61
369,Urusha,RU,2021-03-29 15:33:13,54.05,122.9,6.64,95,12,4.54
370,Sobolevo,RU,2021-03-29 15:33:14,54.4299,31.8996,34.75,98,100,7.61
371,Dwarka,IN,2021-03-29 15:33:14,22.2394,68.9678,79.43,79,13,11.52
372,Angren,UZ,2021-03-29 15:33:14,41.0167,70.1436,36.19,82,83,2.55
373,Jizan,SA,2021-03-29 15:33:15,17.3333,42.6667,86.0,62,0,17.27
374,Kenai,US,2021-03-29 15:33:15,60.5544,-151.2583,28.4,93,90,5.75
375,Torbay,CA,2021-03-29 15:33:15,47.6666,-52.7314,30.99,93,90,29.93
376,Tubuala,PA,2021-03-29 15:33:15,9.5167,-79.0333,89.01,58,40,4.61
377,Churapcha,RU,2021-03-29 15:33:16,62.0025,132.4325,14.83,94,100,7.07
378,Tilichiki,RU,2021-03-29 15:33:16,60.4667,166.1,-14.01,99,21,4.88
379,Bikaner,IN,2021-03-29 15:29:14,28.0167,73.3,92.32,11,0,12.91
380,Vanimo,PG,2021-03-29 15:33:16,-2.6741,141.3028,78.44,86,93,3.22
381,Vila Velha,BR,2021-03-29 15:33:17,-20.3297,-40.2925,91.0,51,0,11.5
382,Bulancak,TR,2021-03-29 15:33:17,40.9372,38.2291,50.0,76,20,4.61
383,Banjar,ID,2021-03-29 15:33:17,-8.19,114.9675,82.4,94,40,6.91
384,Russell,US,2021-03-29 15:33:18,32.3502,-85.1999,55.99,41,1,3.44
385,Peleduy,RU,2021-03-29 15:33:18,59.6289,112.7406,13.57,97,100,2.13
386,Voh,NC,2021-03-29 15:33:18,-20.9667,164.7,75.92,86,85,4.32
387,Geraldton,AU,2021-03-29 15:33:19,-28.7667,114.6,78.8,61,58,1.19
388,Adelaide,AU,2021-03-29 15:33:20,-34.9333,138.6,66.0,72,0,5.03
389,Nanchong,CN,2021-03-29 15:33:20,30.7951,106.0847,65.8,67,74,2.95
390,Taltal,CL,2021-03-29 15:33:20,-25.4,-70.4833,69.71,65,0,8.34
391,Zabid,YE,2021-03-29 15:33:14,14.1951,43.3152,84.9,48,2,3.96
392,Haines Junction,CA,2021-03-29 15:33:21,60.7522,-137.5108,-5.8,77,85,2.3
393,Berbera,SO,2021-03-29 15:33:21,10.4396,45.0143,81.72,66,71,5.64
394,Ust-Nera,RU,2021-03-29 15:33:22,64.5667,143.2,-6.18,96,65,3.87
395,Saint-Georges,GD,2021-03-29 15:33:22,12.0564,-61.7485,80.6,89,75,16.11
396,Nador,MA,2021-03-29 15:33:23,35.174,-2.9287,62.6,82,90,12.66
397,La Palma,US,2021-03-29 15:33:23,33.8464,-118.0467,61.0,100,20,4.29
398,Hualmay,PE,2021-03-29 15:31:04,-11.0964,-77.6139,74.01,73,75,8.97
399,Inyonga,TZ,2021-03-29 15:33:23,-6.7167,32.0667,68.04,83,78,4.36
400,Constitucion,CL,2021-03-29 15:33:23,-35.3333,-72.4167,65.7,68,21,8.12
401,Dunedin,NZ,2021-03-29 15:30:04,-45.8742,170.5036,57.99,83,100,2.48
402,Gorontalo,ID,2021-03-29 15:33:24,0.5412,123.0595,76.57,91,100,3.49
403,Kirkwall,GB,2021-03-29 15:33:24,58.9848,-2.9587,48.2,71,20,18.41
404,Mayo,US,2021-03-29 15:33:24,38.8876,-76.5119,52.0,46,1,13.8
405,Lengshuitan,CN,2021-03-29 15:33:25,26.4111,111.5956,75.97,78,2,4.27
406,Sibiti,CG,2021-03-29 15:33:25,-3.6819,13.3499,74.37,83,97,2.17
407,Caohai,CN,2021-03-29 15:33:26,26.8661,104.2841,56.37,22,28,6.55
408,Mityana,UG,2021-03-29 15:33:26,0.4175,32.0228,78.8,65,20,6.91
409,Kigoma,TZ,2021-03-29 15:33:26,-4.8769,29.6267,71.6,94,75,1.79
410,Mgandu,TZ,2021-03-29 15:33:26,-5.95,34.1333,63.99,93,44,4.83
411,Asha,RU,2021-03-29 15:33:27,54.9973,57.2722,31.46,93,97,1.99
412,Gallup,US,2021-03-29 15:33:27,35.5281,-108.7426,48.0,56,1,18.45
413,Axim,GH,2021-03-29 15:33:27,4.8699,-2.2405,82.63,75,42,8.48
414,Martinho Campos,BR,2021-03-29 15:33:28,-19.3317,-45.2369,89.22,40,2,4.52
415,Umm Lajj,SA,2021-03-29 15:33:28,25.0213,37.2685,73.89,58,2,15.73
416,Puerto Leguizamo,CO,2021-03-29 15:33:28,-0.1934,-74.7819,77.7,90,95,4.79
417,Rudbar,AF,2021-03-29 15:30:24,30.15,62.6,65.93,17,1,13.44
418,Ahipara,NZ,2021-03-29 15:33:29,-35.1667,173.1667,65.86,96,100,5.66
419,Kaiserslautern,DE,2021-03-29 15:29:34,49.45,7.75,69.8,30,1,3.44
420,Gap,FR,2021-03-29 15:33:29,44.6667,6.0,68.0,36,7,1.99
421,Gornyy,RU,2021-03-29 15:33:29,55.1153,83.9059,24.01,87,47,7.0
422,Muncar,ID,2021-03-29 15:33:30,-8.4333,114.3333,77.92,91,100,1.59
423,Carauari,BR,2021-03-29 15:33:30,-4.8828,-66.8958,72.75,98,100,1.39
424,Griffith,US,2021-03-29 15:33:30,41.5284,-87.4237,46.0,53,1,14.97
425,Sioux Lookout,CA,2021-03-29 15:32:41,50.1001,-91.917,35.6,55,90,13.8
426,Namatanai,PG,2021-03-29 15:33:30,-3.6667,152.4333,78.89,79,83,7.16
427,Taft,IR,2021-03-29 15:33:31,31.7471,54.2088,64.4,15,0,4.61
428,Uddevalla,SE,2021-03-29 15:33:31,58.3478,11.9424,48.2,93,90,21.85
429,Filingue,NE,2021-03-29 15:33:31,14.3521,3.3168,97.86,7,0,11.43
430,Chornobay,UA,2021-03-29 15:33:32,49.6708,32.3239,48.63,57,99,9.35
431,Along,IN,2021-03-29 15:33:32,28.1667,94.7667,64.06,26,28,2.95
432,Sisimiut,GL,2021-03-29 15:33:32,66.9395,-53.6735,15.93,59,99,11.43
433,Hovd,MN,2021-03-29 15:33:32,48.0056,91.6419,38.12,32,8,12.39
434,Mehamn,NO,2021-03-29 15:33:33,71.0357,27.8492,37.4,75,40,18.41
435,Leh,IN,2021-03-29 15:33:33,34.1667,77.5833,34.72,68,82,6.02
436,Anadyr,RU,2021-03-29 15:33:34,64.75,177.4833,8.6,85,40,11.18
437,Sale,MA,2021-03-29 15:33:35,34.0389,-6.8166,82.4,39,39,12.66
438,Matagami,CA,2021-03-29 15:33:35,49.7502,-77.6328,14.0,85,90,18.41
439,Calvia,ES,2021-03-29 15:33:35,39.5657,2.5062,73.4,43,0,13.8
440,Safaga,EG,2021-03-29 15:33:36,26.7292,33.9365,73.4,31,0,17.27
441,Thompson,CA,2021-03-29 15:33:36,55.7435,-97.8558,12.2,85,90,17.27
442,Mabaruma,GY,2021-03-29 15:33:36,8.2,-59.7833,77.0,94,75,6.96
443,Riverton,US,2021-03-29 15:31:45,40.5219,-111.9391,52.0,65,75,21.85
444,Kargasok,RU,2021-03-29 15:33:37,59.0556,80.8572,19.18,89,100,13.11
445,Hofn,IS,2021-03-29 15:33:37,64.2539,-15.2082,37.4,56,0,17.27
446,Smithers,CA,2021-03-29 15:33:37,54.7804,-127.1743,23.0,74,20,3.44
447,Husavik,IS,2021-03-29 15:33:37,66.0449,-17.3389,28.4,86,90,25.32
448,Cockburn Town,TC,2021-03-29 15:33:38,21.4612,-71.1419,78.8,69,40,16.11
449,Kushima,JP,2021-03-29 15:33:38,31.4583,131.2333,57.09,83,0,4.47
450,Bengkulu,ID,2021-03-29 15:33:38,-3.8004,102.2655,77.11,89,100,2.98
451,Sabang,ID,2021-03-29 15:33:39,5.8933,95.3214,80.74,82,100,19.6
452,Tamiahua,MX,2021-03-29 15:33:39,21.2667,-97.45,68.94,65,99,8.99
453,Chapais,CA,2021-03-29 15:33:39,49.7834,-74.8492,14.0,67,40,12.66
454,Usoke,TZ,2021-03-29 15:33:40,-5.1667,32.35,77.0,65,75,2.75
455,Palimbang,PH,2021-03-29 15:33:40,6.2106,124.1894,79.47,83,100,5.21
456,Verkh-Usugli,RU,2021-03-29 15:33:40,52.7,115.1667,18.03,93,59,2.44
457,Panormos,GR,2021-03-29 15:33:40,35.4182,24.6909,64.99,44,0,1.99
458,Old Town,CZ,2021-03-29 15:33:41,50.087,14.4202,66.0,36,0,9.22
459,Kailua,US,2021-03-29 15:33:41,21.4022,-157.7394,73.4,78,75,11.5
460,Honningsvag,NO,2021-03-29 15:33:41,70.9821,25.9704,37.4,81,20,18.41
461,Lavrentiya,RU,2021-03-29 15:33:42,65.5833,-171.0,11.21,88,100,12.82
462,Saint George,US,2021-03-29 15:33:42,37.1041,-113.5841,46.4,46,1,4.61
463,Novikovo,RU,2021-03-29 15:33:42,51.1537,37.8879,37.63,70,95,9.75
464,Lagoa,PT,2021-03-29 15:33:43,39.05,-27.9833,58.14,88,100,18.9
465,Skjervoy,NO,2021-03-29 15:33:43,70.0311,20.9714,41.0,60,20,11.5
466,Nyurba,RU,2021-03-29 15:33:43,63.2842,118.3319,11.26,97,98,2.84
467,Merauke,ID,2021-03-29 15:33:43,-8.4667,140.3333,79.34,85,100,11.25
468,Yarim,YE,2021-03-29 15:33:44,14.298,44.3779,61.11,35,0,5.39
469,Addanki,IN,2021-03-29 15:33:44,15.8167,79.9833,81.01,67,63,7.52
470,Bozdar,PK,2021-03-29 15:33:44,27.1828,68.636,94.98,7,57,14.79
471,Huarmey,PE,2021-03-29 15:33:45,-10.0681,-78.1522,74.79,73,83,8.97
472,Thinadhoo,MV,2021-03-29 15:33:45,0.5333,72.9333,84.06,74,100,23.22
473,Aswan,EG,2021-03-29 15:33:45,24.0934,32.907,77.23,11,0,12.53
474,Kasongo-Lunda,CD,2021-03-29 15:33:46,-6.4667,16.8167,77.99,80,86,1.86
475,Arani,IN,2021-03-29 15:33:46,12.6667,79.2833,81.12,73,100,5.21
476,Margate,GB,2021-03-29 15:33:46,51.3813,1.3862,57.99,78,13,13.0
477,Morondava,MG,2021-03-29 15:33:47,-20.2833,44.2833,80.53,74,17,14.36
478,Aktash,RU,2021-03-29 15:33:47,50.3,87.7333,5.59,87,41,2.46
479,Royan,FR,2021-03-29 15:33:47,45.6285,-1.0281,75.2,27,0,9.22
480,Sola,VU,2021-03-29 15:33:47,-13.8833,167.55,82.4,83,75,4.61
481,Roald,NO,2021-03-29 15:33:48,62.5833,6.1333,46.4,61,40,32.21
482,Nadym,RU,2021-03-29 15:33:48,65.5333,72.5167,-0.49,93,100,5.77
483,Altay,CN,2021-03-29 15:33:48,47.8667,88.1167,31.87,72,88,6.13
484,Juba,SS,2021-03-29 15:33:49,4.8517,31.5825,93.07,27,93,4.76
485,Wanaraja,ID,2021-03-29 15:33:49,-7.1749,107.9808,71.17,97,94,1.74
486,Kilindoni,TZ,2021-03-29 15:33:49,-7.9139,39.6668,83.73,68,7,9.22
487,Nouadhibou,MR,2021-03-29 15:33:50,20.931,-17.0347,73.4,64,57,19.57
488,Urumqi,CN,2021-03-29 15:33:50,43.801,87.6005,53.6,43,75,11.18
489,Khasan,RU,2021-03-29 15:33:50,42.4308,130.6434,42.08,62,15,9.33
490,Tifton,US,2021-03-29 15:32:27,31.4505,-83.5085,62.01,41,1,5.75
491,Ilorin,NG,2021-03-29 15:33:50,8.5,4.55,101.35,11,5,8.9
492,Diphu,IN,2021-03-29 15:29:36,25.8333,93.4333,75.54,23,21,1.7
493,Flin Flon,CA,2021-03-29 15:33:51,54.7682,-101.865,24.8,93,90,17.27
494,Kwinana,AU,2021-03-29 15:31:12,-32.25,115.7667,75.99,83,25,3.31
495,Bani,DO,2021-03-29 15:33:52,18.2833,-70.3333,84.99,70,40,11.5
496,Coihaique,CL,2021-03-29 15:33:52,-45.5752,-72.0662,64.4,68,0,4.61
497,Oussouye,SN,2021-03-29 15:33:52,12.485,-16.5469,96.8,69,0,6.91
498,Bubaque,GW,2021-03-29 15:33:52,11.2833,-15.8333,78.66,61,23,11.65
499,Guadalupe Y Calvo,MX,2021-03-29 15:33:53,26.1,-106.9667,64.78,14,100,1.28
500,Kamloops,CA,2021-03-29 15:30:13,50.6665,-120.3192,32.0,37,20,19.57
501,Scottsbluff,US,2021-03-29 15:33:53,41.8666,-103.6672,64.4,17,1,27.63
502,Elat,IL,2021-03-29 15:33:53,29.5581,34.9482,73.4,21,0,23.02
503,Kjollefjord,NO,2021-03-29 15:33:54,70.9457,27.3465,37.4,75,40,18.41
504,Qaqortoq,GL,2021-03-29 15:33:50,60.7167,-46.0333,24.8,46,20,4.61
505,Northam,GB,2021-03-29 15:33:54,51.0333,-4.2167,61.0,83,5,4.0
506,Lebork,PL,2021-03-29 15:33:54,54.5392,17.7501,48.99,87,75,12.66
507,Maningrida,AU,2021-03-29 15:33:55,-12.0667,134.2667,74.12,93,92,5.75
508,Taoudenni,ML,2021-03-29 15:33:55,22.6783,-3.9836,96.6,4,41,12.39
509,Salalah,OM,2021-03-29 15:33:55,17.0151,54.0924,86.0,70,0,5.75
510,Vikhorevka,RU,2021-03-29 15:33:56,56.1201,101.1636,33.8,86,95,8.95
511,Kabansk,RU,2021-03-29 15:33:56,52.0486,106.6528,39.2,52,100,6.71
512,Buala,SB,2021-03-29 15:33:56,-8.145,159.5921,78.94,83,37,2.13
513,Sahuaripa,MX,2021-03-29 15:33:56,29.05,-109.2333,74.34,18,91,2.3
514,Oktyabrskiy,RU,2021-03-29 15:33:57,54.4815,53.471,21.83,98,59,3.51
515,Junction City,US,2021-03-29 15:33:57,39.0286,-96.8314,64.99,36,1,25.32
516,Nuristan,AF,2021-03-29 15:33:57,35.3,70.8333,19.4,64,3,13.06
517,Berlevag,NO,2021-03-29 15:33:58,70.8578,29.0864,37.4,75,40,12.66
518,Capaci,IT,2021-03-29 15:33:58,38.1711,13.2393,62.01,82,20,20.71
519,Taitung,TW,2021-03-29 15:33:59,22.7583,121.1444,76.24,80,15,3.33
520,Mahebourg,MU,2021-03-29 15:33:59,-20.4081,57.7,78.8,94,40,3.44
521,Kalengwa,ZM,2021-03-29 15:33:59,-13.4659,25.0027,67.03,91,40,7.45
522,Ban Nahin,LA,2021-03-29 15:34:00,18.2418,104.2122,84.29,40,74,0.63
523,Kiama,AU,2021-03-29 15:34:00,-34.6833,150.8667,63.0,85,99,1.01
524,Clarence Town,AU,2021-03-29 15:34:00,-32.5833,151.7833,64.4,94,75,11.5
525,Alofi,NU,2021-03-29 15:34:00,-19.0595,-169.9187,77.0,100,9,5.75
526,Mandali,IQ,2021-03-29 15:34:01,33.7499,45.5541,64.27,19,0,10.22
527,Motygino,RU,2021-03-29 15:34:01,58.1831,94.7592,17.01,99,85,1.95
528,Concordia,AR,2021-03-29 15:34:01,-31.393,-58.0209,70.0,83,75,9.22
529,Sawtell,AU,2021-03-29 15:34:02,-30.3833,153.1,66.2,82,22,8.05
530,Muros,ES,2021-03-29 15:34:02,42.7762,-9.0603,71.01,46,100,7.0
531,Balakhta,RU,2021-03-29 15:34:02,55.38,91.6,32.4,91,100,10.71
532,Skibbereen,IE,2021-03-29 15:34:03,51.55,-9.2667,53.6,87,75,16.11
533,Katsuura,JP,2021-03-29 15:34:03,35.1333,140.3,64.4,77,40,4.61
534,Pompeia,BR,2021-03-29 15:34:03,-22.1086,-50.1717,88.93,42,1,3.09
535,Longjiang,CN,2021-03-29 15:34:03,47.3303,123.1836,39.2,54,22,11.81
536,Wajima,JP,2021-03-29 15:34:04,37.4,136.9,51.96,82,100,8.9
537,Sao Jose Da Coroa Grande,BR,2021-03-29 15:34:04,-8.8978,-35.1478,83.68,69,95,7.96
538,Fujieda,JP,2021-03-29 15:34:04,34.8667,138.2667,64.0,87,57,6.73
539,Villefranche-De-Rouergue,FR,2021-03-29 15:34:05,44.3333,2.0,70.0,39,0,12.66
540,Pyu,MM,2021-03-29 15:34:05,18.4833,96.4333,80.89,48,57,8.21
541,Guamuchil,MX,2021-03-29 15:34:05,25.4667,-108.1,78.42,14,100,3.76
542,Benghazi,LY,2021-03-29 15:34:05,32.1167,20.0667,61.9,57,0,15.05
543,Guerrero Negro,MX,2021-03-29 15:34:06,27.9769,-114.0611,68.49,45,100,6.26
544,Grindavik,IS,2021-03-29 15:34:06,63.8424,-22.4338,32.0,74,75,16.11
545,Yangliuqing,CN,2021-03-29 15:34:06,39.1375,116.9997,59.0,38,0,4.47
546,Lata,PT,2021-03-29 15:34:07,40.1629,-8.3327,73.0,41,99,8.68
547,Areosa,PT,2021-03-29 15:34:07,41.7178,-8.8571,68.0,42,20,5.75
548,Labuhan,ID,2021-03-29 15:34:07,-6.8844,112.2051,79.57,82,89,1.43
549,Alwar Tirunagari,IN,2021-03-29 15:34:08,8.6,77.95,82.87,70,76,17.29
550,Ust-Kuyga,RU,2021-03-29 15:34:08,70.0167,135.6,-1.37,99,99,3.38
551,Jiujiang,CN,2021-03-29 15:34:08,29.7333,115.9833,68.67,91,100,4.61
552,Tolga,DZ,2021-03-29 15:34:09,34.7222,5.3785,80.6,10,40,5.75
553,Gizo,SB,2021-03-29 15:34:09,-8.103,156.8419,81.99,74,25,3.6
554,Yugorsk,RU,2021-03-29 15:34:10,61.3133,63.3319,13.59,92,29,3.02
555,Stockbridge,US,2021-03-29 15:32:13,33.5443,-84.2338,55.99,38,1,6.91
556,Mayahi,NE,2021-03-29 15:34:11,13.9553,7.6712,94.14,7,0,16.11
557,Koumac,NC,2021-03-29 15:34:11,-20.5667,164.2833,76.95,85,83,4.94
558,Mazagao,BR,2021-03-29 15:34:11,-0.115,-51.2894,82.4,94,90,18.41
559,Jati,PK,2021-03-29 15:34:12,24.3539,68.2671,81.73,61,59,14.79
560,Todos Santos,MX,2021-03-29 15:34:12,23.45,-110.2167,73.99,16,75,5.75
561,Benton,US,2021-03-29 15:33:26,36.3334,-94.3335,61.0,38,1,13.8
562,Kahului,US,2021-03-29 15:34:12,20.8947,-156.47,68.0,100,90,11.45
563,Butia,BR,2021-03-29 15:34:13,-30.1197,-51.9622,77.02,44,1,9.24
564,Horodnytsya,UA,2021-03-29 15:34:13,50.807,27.3168,45.57,63,41,4.36
565,The Pas,CA,2021-03-29 15:34:13,53.8251,-101.2541,26.6,86,90,13.8
566,Devils Lake,US,2021-03-29 15:34:13,48.1128,-98.8651,44.6,57,1,9.22
567,Husum,DE,2021-03-29 15:34:14,54.4858,9.0524,51.8,82,82,25.32
568,Lamar,US,2021-03-29 15:34:15,33.6668,-95.5836,63.0,44,1,10.36
569,Vestmannaeyjar,IS,2021-03-29 15:34:16,63.4427,-20.2734,33.8,64,0,16.11
570,Okhotsk,RU,2021-03-29 15:34:17,59.3833,143.3,12.49,94,100,4.23
571,Gulu,UG,2021-03-29 15:34:17,2.7746,32.299,81.95,35,99,4.29
572,Blackwater,AU,2021-03-29 15:32:19,-23.5833,148.8833,69.39,74,5,5.97
573,Mandiana,GN,2021-03-29 15:34:17,10.6333,-8.6833,102.13,15,4,6.33
574,Acapulco,MX,2021-03-29 15:34:19,16.8634,-99.8901,84.2,51,90,3.4
